Entity UEN,Appointment UEN,Appointment Name
en0,app0,Finance Manager
en1,app1,Director
en2,app2,Sales Manager
en3,app3,Project Lead
en4,app4,CTO
en5,app5,Sales Manager
en6,app6,Finance Manager
en7,app7,HR Manager
en8,app8,Director
en9,app9,Project Lead
en10,app10,Sales Manager
en2,app1,Director
en0,app0,HR Manager
en2,app8,HR Manager
en8,app8,Project Lead
en10,app10,HR Manager
en4,app4,Project Lead
en4,app3,Sales Manager
en9,app10,Director
en3,app0,Project Lead
en3,app2,Director
en4,app2,Project Lead
en4,app4,Director
en6,app10,Finance Manager
en1,app7,HR Manager
en1,app9,Finance Manager
en5,app0,Sales Manager
en2,app1,Sales Manager
en10,app2,Finance Manager
en3,app7,Sales Manager
en9,app7,Project Lead
en4,app2,Finance Manager
en8,app4,Finance Manager
en5,app9,Finance Manager
en9,app10,Sales Manager
en8,app0,Director
en4,app7,Sales Manager
en1,app10,Director
en5,app7,Sales Manager
en8,app1,Sales Manager
en2,app1,Director
en0,app0,Sales Manager
en3,app7,Director
en1,app0,Finance Manager
en5,app1,Sales Manager
en4,app0,Project Lead
en6,app3,Finance Manager
en5,app2,Sales Manager
en4,app8,Finance Manager
en3,app5,CTO
en3,app8,Project Lead
en5,app4,Finance Manager
en6,app1,Director
en3,app3,Director
en3,app4,Sales Manager
en1,app0,CTO
en6,app8,Project Lead
en8,app2,CTO
en3,app0,Director
en8,app3,Project Lead
en3,app2,Sales Manager
en5,app8,CTO
en2,app0,Finance Manager
app0,app4,CTO
app4,app7,HR Manager
app7,app2,Sales Manager
app2,en2,Project Lead
en5,app2,Sales Manager
app2,app9,Project Lead
app9,app10,Sales Manager
app10,app6,Finance Manager
app6,en5,CTO
en3,app8,Director
app8,app7,HR Manager
app7,en2,Project Lead
en2,app4,CTO
app4,en3,Director
